id,tray_order_id,recipe_id
2f8625e0-8b7b-4fb1-a32b-5f98b578af6c,f0b92e3d-889a-4d70-b40e-b062a497b0da,15c8ac77-128e-4825-960e-eb5638376e00
9c5e0cdc-965a-43a9-a250-ef88d2039d22,f0b92e3d-889a-4d70-b40e-b062a497b0da,9e329204-a9d3-445b-ad6d-5eeb6456af66
86ecad06-654f-4756-b0e2-0c132ec96fbc,82522b47-685a-48ce-9b89-e21f37027214,89f0fc07-045e-425c-aeef-f092562fc8c9
ef2f0ba9-b6fc-40b2-83fd-8db7020f1837,94398ea2-8b8e-4af6-bf78-e0ea74b8c26c,385079f9-d049-48e2-9093-5bdcf328282f
8d54485e-b756-4f29-be8c-30a441024164,94398ea2-8b8e-4af6-bf78-e0ea74b8c26c,59f4f0b4-2075-40a4-b95b-883433eed1a2
91565a0b-aa25-41f0-a349-a96950c5dc12,4ad7cc7d-963c-4404-b0c9-25ca76b6d465,6bad53cc-89fa-403b-844a-70926fa9b00f
97ef0ced-a068-4537-b101-1c74f99ad2c2,26bd955f-c79d-4b99-924b-fd22efef60b6,15c8ac77-128e-4825-960e-eb5638376e00
75b26931-3911-486f-a651-e4b2b7f86a6e,26bd955f-c79d-4b99-924b-fd22efef60b6,9e329204-a9d3-445b-ad6d-5eeb6456af66
2dbf6bf4-ea7b-431b-b5ab-43ba53726640,4cb4e0db-bdd1-40ec-aacc-c31d73002062,89f0fc07-045e-425c-aeef-f092562fc8c9
95420933-6c8d-44fd-aaf4-7563e10b037e,9cf0bca7-7899-4db7-8cb7-cd011a311e11,385079f9-d049-48e2-9093-5bdcf328282f
fe4fe302-c0af-4d26-a6fd-22f64ddf7f19,9cf0bca7-7899-4db7-8cb7-cd011a311e11,0b9c16f1-d4c0-40c8-8b7a-3d4a50f653ad
79bc917d-dbca-46c5-ab4b-85225d4baede,66f7ab90-84ed-4dc2-bc79-cdb063f6a6d9,385079f9-d049-48e2-9093-5bdcf328282f
bd49312e-0407-427d-a332-aac8ce23bb80,66f7ab90-84ed-4dc2-bc79-cdb063f6a6d9,0b9c16f1-d4c0-40c8-8b7a-3d4a50f653ad
30cfcd4c-d637-4f59-a9bf-cb3da84ab489,fa9e7669-73f0-4877-a91e-4e9ece75a83d,15c8ac77-128e-4825-960e-eb5638376e00
6d7578dd-8bf1-4b27-89e4-a76d012359c3,fa9e7669-73f0-4877-a91e-4e9ece75a83d,9e329204-a9d3-445b-ad6d-5eeb6456af66
5787ca43-a9af-4272-924e-2931dfad956b,0f0f8093-fb06-4785-a1d3-d0945f3e2e58,89f0fc07-045e-425c-aeef-f092562fc8c9
de9ce173-5c02-46b0-aa70-64b8fb5bc300,4ba6f4eb-3984-4423-863a-9d125310ed68,89f0fc07-045e-425c-aeef-f092562fc8c9
